timestamp,co2_mass,moisture_content,contaminants
1743449352649361075,6.4,9.0,2.1999999999999997
1743449353649726308,9.600000000000001,13.5,3.3
1743449354649055443,12.8,18.0,4.3999999999999995
1743449355648792643,16.0,22.5,5.499999999999999
1743449356649189506,19.2,27.0,6.599999999999999
1743449357648265962,22.4,31.5,7.699999999999998
1743449358648955222,25.599999999999998,36.0,8.799999999999999
1743449359647920602,28.799999999999997,40.5,9.899999999999999
1743449360648513197,31.999999999999996,45.0,10.999999999999998
1743449361648841573,35.199999999999996,49.5,12.099999999999998
1743449362648204759,38.4,54.0,13.199999999999998
1743449363648818711,41.6,58.5,14.299999999999997
1743449364648116604,44.800000000000004,63.0,15.399999999999997
1743449365649035808,48.00000000000001,67.5,16.499999999999996
1743449366647961004,51.20000000000001,72.0,17.599999999999998
1743449367647943857,3.2,4.5,1.0999999999999999
1743449368648716819,6.4,9.0,2.1999999999999997
1743449369647914977,9.600000000000001,13.5,3.3
1743449370648139969,12.8,18.0,4.3999999999999995
1743449371648685750,16.0,22.5,5.499999999999999
1743449372649083441,19.2,27.0,6.599999999999999
1743449373648880312,22.4,31.5,7.699999999999998
1743449374649208103,25.599999999999998,36.0,8.799999999999999
1743449375648881167,28.799999999999997,40.5,9.899999999999999
1743449376648972057,31.999999999999996,45.0,10.999999999999998
1743449377648831822,35.199999999999996,49.5,12.099999999999998
1743449378648865017,38.4,54.0,13.199999999999998
1743449379649511900,41.6,58.5,14.299999999999997
1743449380649188418,44.800000000000004,63.0,15.399999999999997
1743449381649056715,48.00000000000001,67.5,16.499999999999996
1743449382649377681,51.20000000000001,72.0,17.599999999999998
1743449383649482386,54.40000000000001,76.5,18.7
1743449384649793446,57.600000000000016,81.0,19.8
1743449385649365343,60.80000000000002,85.5,20.900000000000002
1743449386648272737,64.00000000000001,90.0,22.000000000000004
1743449387648995802,67.20000000000002,94.5,23.100000000000005
1743449388649262390,70.40000000000002,99.0,24.200000000000006
1743449389648930041,73.60000000000002,103.5,25.300000000000008
1743449390649148105,76.80000000000003,108.0,26.40000000000001
1743449391648767925,80.00000000000003,112.5,27.50000000000001
1743449392648736550,83.20000000000003,117.0,28.600000000000012
1743449393649008452,86.40000000000003,121.5,29.700000000000014
1743449394649130282,89.60000000000004,126.0,30.800000000000015
1743449395648775160,92.80000000000004,130.5,31.900000000000016
1743449396649326638,96.00000000000004,135.0,33.000000000000014
1743449397647881457,99.20000000000005,139.5,34.100000000000016
1743449398649092220,102.40000000000005,144.0,35.20000000000002
1743449399648914636,105.60000000000005,148.5,36.30000000000002
1743449400647735700,108.80000000000005,153.0,37.40000000000002
1743449401648805421,112.00000000000006,157.5,38.50000000000002
1743449402649451007,115.20000000000006,162.0,39.60000000000002
1743449403648887189,118.40000000000006,166.5,40.700000000000024
1743449404649071678,121.60000000000007,171.0,41.800000000000026
1743449405648581672,124.80000000000007,175.5,42.90000000000003
1743449406649821430,128.00000000000006,180.0,44.00000000000003
1743449407649357808,131.20000000000005,184.5,45.10000000000003
1743449408648967135,134.40000000000003,189.0,46.20000000000003
1743449409649133038,137.60000000000002,193.5,47.30000000000003
1743449410648966377,140.8,198.0,48.400000000000034
1743449411648815434,3.2,4.5,1.0999999999999999
1743449412648890782,6.4,9.0,2.1999999999999997
1743449413648952364,9.600000000000001,13.5,3.3
1743449414649418075,12.8,18.0,4.3999999999999995
1743449415649004831,16.0,22.5,5.499999999999999
1743449416648885469,19.2,27.0,6.599999999999999
1743449417648506049,22.4,31.5,7.699999999999998
1743449418648647160,25.599999999999998,36.0,8.799999999999999
1743449419648625388,28.799999999999997,40.5,9.899999999999999
1743449420648638327,31.999999999999996,45.0,10.999999999999998
1743449421648908116,35.199999999999996,49.5,12.099999999999998
1743449422648688819,38.4,54.0,13.199999999999998
1743449423647754667,41.6,58.5,14.299999999999997
1743449424647574253,44.800000000000004,63.0,15.399999999999997
1743449425647824925,48.00000000000001,67.5,16.499999999999996
1743449426648031897,51.20000000000001,72.0,17.599999999999998
1743449427649043290,54.40000000000001,76.5,18.7
1743449428648298113,57.600000000000016,81.0,19.8
1743449429649118550,60.80000000000002,85.5,20.900000000000002
1743449430647957996,64.00000000000001,90.0,22.000000000000004
1743449431649057071,67.20000000000002,94.5,23.100000000000005
1743449432649116817,70.40000000000002,99.0,24.200000000000006
1743449433648608494,73.60000000000002,103.5,25.300000000000008
1743449434648522815,76.80000000000003,108.0,26.40000000000001
1743449435647604322,80.00000000000003,112.5,27.50000000000001
1743449436648571258,83.20000000000003,117.0,28.600000000000012
1743449437649395839,86.40000000000003,121.5,29.700000000000014
1743449438647881046,89.60000000000004,126.0,30.800000000000015
1743449439648530948,92.80000000000004,130.5,31.900000000000016
1743449440648742097,96.00000000000004,135.0,33.000000000000014
1743449441648427201,99.20000000000005,139.5,34.100000000000016
1743449442648771323,102.40000000000005,144.0,35.20000000000002
1743449443648684925,3.2,4.5,1.0999999999999999
1743449444647456070,6.4,9.0,2.1999999999999997
1743449445647408450,9.600000000000001,13.5,3.3
1743449446647428441,12.8,18.0,4.3999999999999995
1743449447647401835,16.0,22.5,5.499999999999999
1743449448647460583,19.2,27.0,6.599999999999999
1743449449647400034,22.4,31.5,7.699999999999998
1743449450648808576,25.599999999999998,36.0,8.799999999999999
1743449451648344938,28.799999999999997,40.5,9.899999999999999
1743449452648491025,32.959999999999994,45.0,10.999999999999998
1743449453648237246,37.11999999999999,49.5,12.099999999999998
1743449454648587080,41.27999999999999,54.0,13.199999999999998
1743449455648693239,45.43999999999998,58.5,14.299999999999997
1743449456648459116,49.59999999999998,63.0,15.399999999999997
1743449457648424441,53.75999999999998,67.5,16.499999999999996
1743449458648364692,57.91999999999997,72.0,17.599999999999998
1743449459647956564,62.07999999999997,76.5,18.7
1743449460648743859,66.23999999999997,81.0,19.8
1743449461648791663,70.39999999999996,85.5,20.900000000000002
1743449462648775991,74.55999999999996,90.0,22.000000000000004
1743449463648041127,78.71999999999996,94.5,23.100000000000005
1743449464648430602,82.87999999999995,99.0,24.200000000000006
1743449465647534967,87.03999999999995,103.5,25.300000000000008
1743449466648715453,91.19999999999995,108.0,26.40000000000001
1743449467647863837,95.35999999999994,112.5,27.50000000000001
1743449468648355939,99.51999999999994,117.0,28.600000000000012
1743449469648475363,4.16,4.5,1.0999999999999999
1743449470648552406,8.32,9.0,2.1999999999999997
1743449471648585205,12.48,13.5,3.3
1743449472648328746,16.64,18.0,4.3999999999999995
1743449473648465161,20.8,22.5,5.499999999999999
1743449474648369516,24.96,27.0,6.599999999999999
1743449475648613964,29.12,31.5,7.699999999999998
1743449476648585106,33.28,36.0,8.799999999999999
1743449477648555144,37.44,40.5,9.899999999999999
1743449478648533660,41.599999999999994,45.0,10.999999999999998
1743449479648619068,45.75999999999999,49.5,12.099999999999998
1743449480647289791,49.91999999999999,54.0,13.199999999999998
1743449481648425534,54.079999999999984,58.5,14.299999999999997
1743449482648249200,58.23999999999998,63.0,15.399999999999997
1743449483648390431,62.39999999999998,67.5,16.499999999999996
1743449484648620676,66.55999999999997,72.0,17.599999999999998
1743449485647654558,70.71999999999997,76.5,18.7
1743449486648109997,74.87999999999997,81.0,19.8
1743449487648250950,79.03999999999996,85.5,20.900000000000002
1743449488648539780,83.19999999999996,90.0,22.000000000000004
1743449489648135498,87.35999999999996,94.5,23.100000000000005
1743449490648406851,92.15999999999995,99.8,24.600000000000005
1743449491648236919,96.95999999999995,105.1,26.100000000000005
1743449492647329632,101.75999999999995,110.39999999999999,27.600000000000005
1743449493648448866,106.55999999999995,115.69999999999999,29.100000000000005
1743449494648588761,111.35999999999994,120.99999999999999,30.600000000000005
1743449495648593386,116.15999999999994,126.29999999999998,32.10000000000001
1743449496648314944,120.95999999999994,131.6,33.60000000000001
1743449497648483212,125.75999999999993,136.9,35.10000000000001
1743449498647325033,130.55999999999995,142.20000000000002,36.60000000000001
1743449499648265082,135.35999999999996,147.50000000000003,38.10000000000001
1743449500649401330,140.15999999999997,152.80000000000004,39.60000000000001
1743449501648171979,144.95999999999998,158.10000000000005,41.10000000000001
1743449502648271626,149.76,163.40000000000006,42.60000000000001
1743449503648195026,154.56,168.70000000000007,44.10000000000001
1743449504648324206,159.36,174.00000000000009,45.60000000000001
1743449505648055859,4.8,5.3,1.5
1743449506647404725,9.6,10.6,3.0
1743449507648252471,14.399999999999999,15.899999999999999,4.5
1743449508648372981,19.2,21.2,6.0
1743449509648451092,24.0,26.5,7.5
1743449510648214734,28.8,31.8,9.0
1743449511648394550,33.6,37.1,10.5
1743449512648254924,38.4,42.4,12.0
1743449513648208686,43.199999999999996,47.699999999999996,13.5
1743449514647201692,55.199999999999996,58.199999999999996,16.2
1743449515647426263,67.19999999999999,68.69999999999999,18.9
1743449516648054378,79.19999999999999,79.19999999999999,21.599999999999998
1743449517648537328,91.19999999999999,89.69999999999999,24.299999999999997
1743449518648403117,103.19999999999999,100.19999999999999,26.999999999999996
1743449519648131266,115.19999999999999,110.69999999999999,29.699999999999996
1743449520648103680,127.19999999999999,121.19999999999999,32.4
1743449521648138522,139.2,131.7,35.1
1743449522648107210,151.2,142.2,37.800000000000004
1743449523648335478,163.2,152.7,40.50000000000001
1743449524648113920,175.2,163.2,43.20000000000001
1743449525648058411,187.2,173.7,45.90000000000001
1743449526648452871,199.2,184.2,48.600000000000016
1743449527648339697,211.2,194.7,51.30000000000002
1743449528648174874,223.2,205.2,54.00000000000002
1743449529647740139,235.2,215.7,56.700000000000024
1743449530648238850,247.2,226.2,59.40000000000003
1743449531648268188,259.2,236.7,62.10000000000003
1743449532648318806,271.2,247.2,64.80000000000003
1743449533648258893,283.2,257.7,67.50000000000003
1743449534648132634,295.2,268.2,70.20000000000003
1743449535648029646,307.2,278.7,72.90000000000003
1743449536648220954,319.2,289.2,75.60000000000004
1743449537648095211,331.2,299.7,78.30000000000004
1743449538648167354,343.2,310.2,81.00000000000004
1743449539648255516,355.2,320.7,83.70000000000005
1743449540648082064,367.2,331.2,86.40000000000005
1743449541648183991,12.0,10.5,2.6999999999999997
1743449542647980804,24.0,21.0,5.3999999999999995
1743449543647820070,36.0,31.5,8.1
1743449544648321242,48.0,42.0,10.799999999999999
1743449545648032414,60.0,52.5,13.499999999999998
1743449546648224748,72.0,63.0,16.2
1743449547648018681,84.0,73.5,18.9
1743449548648221141,96.0,84.0,21.599999999999998
1743449549647622985,108.0,94.5,24.299999999999997
1743449550648152450,120.0,105.0,26.999999999999996
1743449551648132345,132.0,115.5,29.699999999999996
1743449552647983126,144.0,126.0,32.4
1743449553651003557,156.0,136.5,35.1
1743449554648147162,168.0,147.0,37.800000000000004
1743449555648197692,180.0,157.5,40.50000000000001
1743449556648232747,192.0,168.0,43.20000000000001
1743449557648077468,204.0,178.5,45.90000000000001
1743449558646949249,216.0,189.0,48.600000000000016
1743449559647967461,228.0,199.5,51.30000000000002
1743449560646907307,12.0,10.5,2.6999999999999997
1743449561648022944,24.0,21.0,5.3999999999999995
1743449562646979172,36.0,31.5,8.1
1743449563647898088,48.0,42.0,10.799999999999999
1743449564647800676,60.0,52.5,13.499999999999998
1743449565647839036,72.0,63.0,16.2
1743449566647595616,84.0,73.5,18.9
1743449567648042509,96.0,84.0,21.599999999999998
1743449568648466770,108.0,94.5,24.299999999999997
1743449569647919748,120.0,105.0,26.999999999999996
1743449570647971712,132.0,115.5,29.699999999999996
1743449571648309365,144.0,126.0,32.4
1743449572647907018,156.0,136.5,35.1
1743449573647815842,168.0,147.0,37.800000000000004
1743449574647874643,180.0,157.5,40.50000000000001
1743449575648315464,192.0,168.0,43.20000000000001
1743449576647855130,204.0,178.5,45.90000000000001
1743449577647961578,216.0,189.0,48.600000000000016
1743449578648332978,228.0,199.5,51.30000000000002
1743449579647807429,240.0,210.0,54.00000000000002
1743449580648101374,252.0,220.5,56.700000000000024
1743449581647894687,264.0,231.0,59.40000000000003
1743449582648321737,276.0,241.5,62.10000000000003
1743449583647726851,288.0,252.0,64.80000000000003
1743449584646779724,300.0,262.5,67.50000000000003
1743449585648043298,312.0,273.0,70.20000000000003
1743449586648366971,316.16,277.5,71.30000000000003
1743449587647758955,320.32000000000005,282.0,72.40000000000002
1743449588647708068,324.4800000000001,286.5,73.50000000000001
1743449589647686116,328.6400000000001,291.0,74.60000000000001
1743449590648177536,332.8000000000001,295.5,75.7
1743449591646849723,336.96000000000015,300.0,76.8
1743449592647507646,341.1200000000002,304.5,77.89999999999999
1743449593647692811,345.2800000000002,309.0,78.99999999999999
1743449594647689444,349.4400000000002,313.5,80.09999999999998
1743449595647717535,353.60000000000025,318.0,81.19999999999997
1743449596647960061,357.7600000000003,322.5,82.29999999999997
1743449597647947763,361.9200000000003,327.0,83.39999999999996
1743449598647632333,366.0800000000003,331.5,84.49999999999996
1743449599646984947,370.24000000000035,336.0,85.59999999999995
1743449600647643376,374.4000000000004,340.5,86.69999999999995
1743449601646671642,378.5600000000004,345.0,87.79999999999994
1743449602647763353,382.7200000000004,349.5,88.89999999999993
1743449603647271294,386.88000000000045,354.0,89.99999999999993
1743449604646686252,391.0400000000005,358.5,91.09999999999992
1743449605646585551,395.2000000000005,363.0,92.19999999999992
1743449606646722528,399.3600000000005,367.5,93.29999999999991
1743449607646614184,403.52000000000055,372.0,94.3999999999999
1743449608646617460,407.6800000000006,376.5,95.4999999999999
1743449609646795177,4.16,4.5,1.0999999999999999
1743449610647252894,8.32,9.0,2.1999999999999997
1743449611647743134,12.48,13.5,3.3
1743449612647317843,16.64,18.0,4.3999999999999995
1743449613646667145,20.8,22.5,5.499999999999999
1743449614647738452,24.96,27.0,6.599999999999999
1743449615647348681,29.12,31.5,7.699999999999998
1743449616647857770,33.28,36.0,8.799999999999999
1743449617648018302,37.44,40.5,9.899999999999999
1743449618646702537,41.599999999999994,45.0,10.999999999999998
1743449619646611443,45.75999999999999,49.5,12.099999999999998
1743449620647757952,49.91999999999999,54.0,13.199999999999998
1743449621647690964,54.079999999999984,58.5,14.299999999999997
1743449622646635949,58.23999999999998,63.0,15.399999999999997
1743449623647602731,62.39999999999998,67.5,16.499999999999996
1743449624647738985,66.55999999999997,72.0,17.599999999999998
1743449625647924098,4.16,4.5,1.0999999999999999
1743449626646608171,8.32,9.0,2.1999999999999997
1743449627647931642,12.48,13.5,3.3
1743449628647650606,16.64,18.0,4.3999999999999995
1743449629647564286,20.8,22.5,5.499999999999999
1743449630647619672,24.96,27.0,6.599999999999999
1743449631647758250,29.12,31.5,7.699999999999998
1743449632647594285,33.28,36.0,8.799999999999999
1743449633648074703,37.44,40.5,9.899999999999999
1743449634648195966,41.599999999999994,45.0,10.999999999999998
1743449635647269384,45.75999999999999,49.5,12.099999999999998
1743449636647671216,49.91999999999999,54.0,13.199999999999998
1743449637646647452,54.079999999999984,58.5,14.299999999999997
1743449638647411589,58.23999999999998,63.0,15.399999999999997
1743449639647330917,62.39999999999998,67.5,16.499999999999996
1743449640647493416,66.55999999999997,72.0,17.599999999999998
1743449641647879839,70.71999999999997,76.5,18.7
1743449642647790088,74.87999999999997,81.0,19.8
1743449643647816354,79.03999999999996,85.5,20.900000000000002
1743449644647752523,83.19999999999996,90.0,22.000000000000004
1743449645647823355,87.35999999999996,94.5,23.100000000000005
1743449646647509376,91.51999999999995,99.0,24.200000000000006
1743449647647656801,95.67999999999995,103.5,25.300000000000008
1743449648647609817,99.83999999999995,108.0,26.40000000000001
1743449649647871214,103.99999999999994,112.5,27.50000000000001
1743449650647548084,108.15999999999994,117.0,28.600000000000012
1743449651648642347,112.31999999999994,121.5,29.700000000000014
1743449652647671657,116.47999999999993,126.0,30.800000000000015
1743449653647564136,120.63999999999993,130.5,31.900000000000016
1743449654647602454,124.79999999999993,135.0,33.000000000000014
1743449655646655070,128.95999999999992,139.5,34.100000000000016
1743449656647749422,133.11999999999992,144.0,35.20000000000002
1743449657646743812,137.27999999999992,148.5,36.30000000000002
1743449658647482190,141.4399999999999,153.0,37.40000000000002
1743449659647523021,145.5999999999999,157.5,38.50000000000002
1743449660647397380,149.7599999999999,162.0,39.60000000000002
1743449661647905460,153.9199999999999,166.5,40.700000000000024
1743449662647219485,158.0799999999999,171.0,41.800000000000026
1743449663646495904,162.2399999999999,175.5,42.90000000000003
1743449664646678690,166.3999999999999,180.0,44.00000000000003
1743449665647399498,170.5599999999999,184.5,45.10000000000003
1743449666646346600,174.71999999999989,189.0,46.20000000000003
1743449667647397371,178.87999999999988,193.5,47.30000000000003
1743449668646685974,183.03999999999988,198.0,48.400000000000034
1743449669646526358,187.19999999999987,202.5,49.500000000000036
1743449670646524880,191.35999999999987,207.0,50.60000000000004
1743449671647537170,195.51999999999987,211.5,51.70000000000004
1743449672647319912,199.67999999999986,216.0,52.80000000000004
1743449673647081264,203.83999999999986,220.5,53.90000000000004
1743449674647321358,207.99999999999986,225.0,55.00000000000004
1743449675647346060,4.16,4.5,1.0999999999999999
1743449676647555833,8.32,9.0,2.1999999999999997
1743449677647459046,12.48,13.5,3.3
1743449678646836995,16.64,18.0,4.3999999999999995
1743449679647023450,20.8,22.5,5.499999999999999
1743449680647327730,24.96,27.0,6.599999999999999
1743449681646235238,29.12,31.5,7.699999999999998
1743449682646514935,33.28,36.0,8.799999999999999
1743449683646366128,37.44,40.5,9.899999999999999
1743449684646334598,41.599999999999994,45.0,10.999999999999998
1743449685646274232,45.75999999999999,49.5,12.099999999999998
1743449686646247318,49.91999999999999,54.0,13.199999999999998
1743449687646271014,54.079999999999984,58.5,14.299999999999997
1743449688646519727,58.23999999999998,63.0,15.399999999999997
1743449689646364916,62.39999999999998,67.5,16.499999999999996
1743449690646242378,66.55999999999997,72.0,17.599999999999998
1743449691646220271,4.16,4.5,1.0999999999999999
1743449692646397862,8.32,9.0,2.1999999999999997
1743449693646183209,12.48,13.5,3.3
1743449694646212369,16.64,18.0,4.3999999999999995
1743449695646188475,20.8,22.5,5.499999999999999
1743449696646164537,24.96,27.0,6.599999999999999
1743449697646196612,29.12,31.5,7.699999999999998
1743449698646294810,33.28,36.0,8.799999999999999
1743449699646128558,37.44,40.5,9.899999999999999
1743449700646194924,41.599999999999994,45.0,10.999999999999998
1743449701646206402,45.75999999999999,49.5,12.099999999999998
1743449702646098475,49.91999999999999,54.0,13.199999999999998
1743449703646174953,54.079999999999984,58.5,14.299999999999997
1743449704646299956,58.23999999999998,63.0,15.399999999999997
1743449705646143329,62.39999999999998,67.5,16.499999999999996
1743449706646085216,66.55999999999997,72.0,17.599999999999998
1743449707646191406,70.71999999999997,76.5,18.7
1743449708646130397,74.87999999999997,81.0,19.8
1743449709646167306,79.03999999999996,85.5,20.900000000000002
1743449710646115561,83.19999999999996,90.0,22.000000000000004
1743449711646127755,87.35999999999996,94.5,23.100000000000005
1743449712646115250,91.51999999999995,99.0,24.200000000000006
1743449713646429728,95.67999999999995,103.5,25.300000000000008
1743449714646139897,99.83999999999995,108.0,26.40000000000001
1743449715646161891,103.99999999999994,112.5,27.50000000000001
1743449716646134048,108.15999999999994,117.0,28.600000000000012
1743449717646064863,112.31999999999994,121.5,29.700000000000014
1743449718646115568,116.47999999999993,126.0,30.800000000000015
1743449719646123989,120.63999999999993,130.5,31.900000000000016
1743449720646139621,124.79999999999993,135.0,33.000000000000014
1743449721646201371,128.95999999999992,139.5,34.100000000000016
1743449722646182076,133.11999999999992,144.0,35.20000000000002
1743449723646115564,137.27999999999992,148.5,36.30000000000002
1743449724646095565,141.4399999999999,153.0,37.40000000000002
1743449725646016988,145.5999999999999,157.5,38.50000000000002
1743449726646044933,149.7599999999999,162.0,39.60000000000002
1743449727646044956,153.9199999999999,166.5,40.700000000000024
1743449728646108219,158.0799999999999,171.0,41.800000000000026
1743449729646085967,162.2399999999999,175.5,42.90000000000003
1743449730646081853,166.3999999999999,180.0,44.00000000000003
1743449731646056026,170.5599999999999,184.5,45.10000000000003
1743449732646038910,174.71999999999989,189.0,46.20000000000003
1743449733646060922,4.16,4.5,1.0999999999999999
1743449734646021106,8.32,9.0,2.1999999999999997
1743449735646060958,12.48,13.5,3.3
1743449736646064109,16.64,18.0,4.3999999999999995
1743449737646059322,20.8,22.5,5.499999999999999
1743449738646570935,24.96,27.0,6.599999999999999
1743449739647364332,29.12,31.5,7.699999999999998
1743449740646914092,33.28,36.0,8.799999999999999
1743449741646337931,37.44,40.5,9.899999999999999
1743449742645992465,41.599999999999994,45.0,10.999999999999998
1743449743647088120,45.75999999999999,49.5,12.099999999999998
1743449744647008980,49.91999999999999,54.0,13.199999999999998
1743449745646862708,54.079999999999984,58.5,14.299999999999997
1743449746647313770,58.23999999999998,63.0,15.399999999999997
1743449747646287492,62.39999999999998,67.5,16.499999999999996
1743449748647122169,66.55999999999997,72.0,17.599999999999998
1743449749647116017,70.71999999999997,76.5,18.7
1743449750646995739,74.87999999999997,81.0,19.8
1743449751647356689,79.03999999999996,85.5,20.900000000000002
1743449752648046826,83.19999999999996,90.0,22.000000000000004
1743449753647091567,87.35999999999996,94.5,23.100000000000005
1743449754647323991,91.51999999999995,99.0,24.200000000000006
1743449755647594188,95.67999999999995,103.5,25.300000000000008
1743449756646498555,99.83999999999995,108.0,26.40000000000001
1743449757646965644,103.99999999999994,112.5,27.50000000000001
1743449758646029953,108.15999999999994,117.0,28.600000000000012
1743449759647055736,112.31999999999994,121.5,29.700000000000014
1743449760647324421,116.47999999999993,126.0,30.800000000000015
1743449761647096882,120.63999999999993,130.5,31.900000000000016
1743449762646929594,124.79999999999993,135.0,33.000000000000014
1743449763647046374,128.95999999999992,139.5,34.100000000000016
1743449764647223391,133.11999999999992,144.0,35.20000000000002
1743449765647194538,4.16,4.5,1.0999999999999999
1743449766647204948,8.32,9.0,2.1999999999999997
1743449767646957713,12.48,13.5,3.3
1743449768647041875,16.64,18.0,4.3999999999999995
1743449769647028390,20.8,22.5,5.499999999999999
1743449770647174206,24.96,27.0,6.599999999999999
1743449771646022892,29.12,31.5,7.699999999999998
1743449772647045546,33.28,36.0,8.799999999999999
1743449773647130968,37.44,40.5,9.899999999999999
1743449774646922385,41.599999999999994,45.0,10.999999999999998
1743449775645955168,45.75999999999999,49.5,12.099999999999998
1743449776645907217,49.91999999999999,54.0,13.199999999999998
1743449777647039740,54.079999999999984,58.5,14.299999999999997
1743449778647105010,58.23999999999998,63.0,15.399999999999997
1743449779646872447,62.39999999999998,67.5,16.499999999999996
1743449780646996364,66.55999999999997,72.0,17.599999999999998
1743449781646976757,4.16,4.5,1.0999999999999999
1743449782647164249,8.32,9.0,2.1999999999999997
1743449783647000126,12.48,13.5,3.3
1743449784647148316,16.64,18.0,4.3999999999999995
1743449785646569698,20.8,22.5,5.499999999999999
1743449786646877001,24.96,27.0,6.599999999999999
1743449787646915745,29.12,31.5,7.699999999999998
1743449788647054141,33.28,36.0,8.799999999999999
1743449789645826699,37.44,40.5,9.899999999999999
1743449790647206493,41.599999999999994,45.0,10.999999999999998
1743449791646845683,45.75999999999999,49.5,12.099999999999998
1743449792646893653,49.91999999999999,54.0,13.199999999999998
1743449793647814987,54.079999999999984,58.5,14.299999999999997
1743449794647033394,58.23999999999998,63.0,15.399999999999997
1743449795647037891,62.39999999999998,67.5,16.499999999999996
1743449796646728593,66.55999999999997,72.0,17.599999999999998
1743449797646989391,70.71999999999997,76.5,18.7
1743449798647061135,74.87999999999997,81.0,19.8
1743449799646971449,79.03999999999996,85.5,20.900000000000002
1743449800646736626,83.19999999999996,90.0,22.000000000000004
1743449801646715471,87.35999999999996,94.5,23.100000000000005
1743449802646997251,91.51999999999995,99.0,24.200000000000006
1743449803646629329,95.67999999999995,103.5,25.300000000000008
1743449804645782928,99.83999999999995,108.0,26.40000000000001
1743449805645930289,103.99999999999994,112.5,27.50000000000001
1743449806647052882,108.15999999999994,117.0,28.600000000000012
1743449807646172077,4.16,4.5,1.0999999999999999
1743449808646958638,8.32,9.0,2.1999999999999997
1743449809646930865,12.48,13.5,3.3
1743449810646808411,16.64,18.0,4.3999999999999995
1743449811646965232,20.8,22.5,5.499999999999999
1743449812647180534,24.96,27.0,6.599999999999999
1743449813647201213,29.12,31.5,7.699999999999998
1743449814646908543,33.28,36.0,8.799999999999999
1743449815647112970,37.44,40.5,9.899999999999999
1743449816646656756,41.599999999999994,45.0,10.999999999999998
1743449817646589824,45.75999999999999,49.5,12.099999999999998
1743449818646802165,49.91999999999999,54.0,13.199999999999998
1743449819647181245,54.079999999999984,58.5,14.299999999999997
1743449820646673418,58.23999999999998,63.0,15.399999999999997
1743449821647200780,62.39999999999998,67.5,16.499999999999996
1743449822646795927,66.55999999999997,72.0,17.599999999999998
1743449823646896985,70.71999999999997,76.5,18.7
1743449824646780104,74.87999999999997,81.0,19.8
1743449825646777242,79.03999999999996,85.5,20.900000000000002
1743449826645826131,83.19999999999996,90.0,22.000000000000004
1743449827646803584,87.35999999999996,94.5,23.100000000000005
1743449828646961723,91.51999999999995,99.0,24.200000000000006
1743449829646810339,95.67999999999995,103.5,25.300000000000008
1743449830646922414,99.83999999999995,108.0,26.40000000000001
1743449831646803437,103.99999999999994,112.5,27.50000000000001
1743449832646808833,108.15999999999994,117.0,28.600000000000012
1743449833646826565,112.31999999999994,121.5,29.700000000000014
1743449834646917715,116.47999999999993,126.0,30.800000000000015
1743449835645972565,120.63999999999993,130.5,31.900000000000016
1743449836645720407,124.79999999999993,135.0,33.000000000000014
1743449837646858937,128.95999999999992,139.5,34.100000000000016
1743449838646684318,133.11999999999992,144.0,35.20000000000002
1743449839647015783,4.16,4.5,1.0999999999999999
1743449840645903116,8.32,9.0,2.1999999999999997
1743449841646767969,12.48,13.5,3.3
1743449842646795914,16.64,18.0,4.3999999999999995
1743449843646870433,20.8,22.5,5.499999999999999
1743449844647071434,24.96,27.0,6.599999999999999
1743449845646770819,29.12,31.5,7.699999999999998
1743449846646646784,33.28,36.0,8.799999999999999
1743449847646563131,37.44,40.5,9.899999999999999
1743449848646791209,41.599999999999994,45.0,10.999999999999998
1743449849646777659,45.75999999999999,49.5,12.099999999999998
1743449850646806795,49.91999999999999,54.0,13.199999999999998
1743449851646605037,54.079999999999984,58.5,14.299999999999997
1743449852646817428,58.23999999999998,63.0,15.399999999999997
1743449853650605950,62.39999999999998,67.5,16.499999999999996
1743449854646887349,66.55999999999997,72.0,17.599999999999998
1743449855646886503,4.16,4.5,1.0999999999999999
1743449856646548708,8.32,9.0,2.1999999999999997
1743449857646799045,12.48,13.5,3.3
1743449858647037349,16.64,18.0,4.3999999999999995
1743449859646949216,20.8,22.5,5.499999999999999
1743449860646509783,24.96,27.0,6.599999999999999
1743449861646622574,29.12,31.5,7.699999999999998
1743449862646750568,33.28,36.0,8.799999999999999
1743449863646234574,37.44,40.5,9.899999999999999
1743449864646814577,41.599999999999994,45.0,10.999999999999998
1743449865646790021,45.75999999999999,49.5,12.099999999999998
1743449866646759025,49.91999999999999,54.0,13.199999999999998
1743449867646844588,54.079999999999984,58.5,14.299999999999997
1743449868646741779,58.23999999999998,63.0,15.399999999999997
1743449869646584902,62.39999999999998,67.5,16.499999999999996
1743449870646758059,66.55999999999997,72.0,17.599999999999998
1743449871645764884,70.71999999999997,76.5,18.7
1743449872646648570,74.87999999999997,81.0,19.8
1743449873646773278,79.03999999999996,85.5,20.900000000000002
1743449874646772137,83.19999999999996,90.0,22.000000000000004
1743449875646478983,87.35999999999996,94.5,23.100000000000005
1743449876646526967,91.51999999999995,99.0,24.200000000000006
1743449877646494034,95.67999999999995,103.5,25.300000000000008
1743449878646611607,99.83999999999995,108.0,26.40000000000001
1743449879646698641,103.99999999999994,112.5,27.50000000000001
1743449880646795153,108.15999999999994,117.0,28.600000000000012
1743449881646858158,112.31999999999994,121.5,29.700000000000014
1743449882646458013,116.47999999999993,126.0,30.800000000000015
1743449883646670341,120.63999999999993,130.5,31.900000000000016
1743449884646594459,124.79999999999993,135.0,33.000000000000014
1743449885646499929,128.95999999999992,139.5,34.100000000000016
1743449886645651835,133.11999999999992,144.0,35.20000000000002
1743449887646551116,137.27999999999992,148.5,36.30000000000002
1743449888646594769,141.4399999999999,153.0,37.40000000000002
1743449889646692151,4.16,4.5,1.0999999999999999
1743449890646817909,8.32,9.0,2.1999999999999997
1743449891646783422,12.48,13.5,3.3
1743449892646704744,16.64,18.0,4.3999999999999995
1743449893646270266,20.8,22.5,5.499999999999999
1743449894646455091,24.96,27.0,6.599999999999999
1743449895646391571,29.12,31.5,7.699999999999998
1743449896645413424,33.28,36.0,8.799999999999999
1743449897646509638,37.44,40.5,9.899999999999999
1743449898646566881,41.599999999999994,45.0,10.999999999999998
1743449899646492731,45.75999999999999,49.5,12.099999999999998
1743449900646258346,49.91999999999999,54.0,13.199999999999998
1743449901646246505,54.079999999999984,58.5,14.299999999999997
1743449902645379535,58.23999999999998,63.0,15.399999999999997
1743449903646394342,62.39999999999998,67.5,16.499999999999996
1743449904646541179,66.55999999999997,72.0,17.599999999999998
1743449905646473918,4.16,4.5,1.0999999999999999
1743449906646526330,8.32,9.0,2.1999999999999997
1743449907646383978,12.48,13.5,3.3
1743449908645363807,16.64,18.0,4.3999999999999995
1743449909646358568,20.8,22.5,5.499999999999999
1743449910646267093,24.96,27.0,6.599999999999999
1743449911646424952,29.12,31.5,7.699999999999998
1743449912646158431,33.28,36.0,8.799999999999999
1743449913646331908,37.44,40.5,9.899999999999999
1743449914646310457,41.599999999999994,45.0,10.999999999999998
1743449915646184135,45.75999999999999,49.5,12.099999999999998
1743449916646228651,49.91999999999999,54.0,13.199999999999998
1743449917646697876,54.079999999999984,58.5,14.299999999999997
1743449918646206965,58.23999999999998,63.0,15.399999999999997
1743449919646562407,62.39999999999998,67.5,16.499999999999996
1743449920646659979,66.55999999999997,72.0,17.599999999999998
1743449921646526178,70.71999999999997,76.5,18.7
1743449922646578876,74.87999999999997,81.0,19.8
1743449923645944724,79.03999999999996,85.5,20.900000000000002
1743449924646699322,83.19999999999996,90.0,22.000000000000004
1743449925646472152,87.35999999999996,94.5,23.100000000000005
1743449926645350643,91.51999999999995,99.0,24.200000000000006
1743449927646061748,95.67999999999995,103.5,25.300000000000008
1743449928646144638,99.83999999999995,108.0,26.40000000000001
1743449929646060482,103.99999999999994,112.5,27.50000000000001
1743449930646447768,108.15999999999994,117.0,28.600000000000012
1743449931646083806,112.31999999999994,121.5,29.700000000000014
1743449932646577029,116.47999999999993,126.0,30.800000000000015
1743449933645616503,120.63999999999993,130.5,31.900000000000016
1743449934646484165,124.79999999999993,135.0,33.000000000000014
1743449935646131114,128.95999999999992,139.5,34.100000000000016
1743449936646145559,133.11999999999992,144.0,35.20000000000002
1743449937646247863,137.27999999999992,148.5,36.30000000000002
1743449938646703412,141.4399999999999,153.0,37.40000000000002
1743449939646254896,145.5999999999999,157.5,38.50000000000002
1743449940646114989,4.16,4.5,1.0999999999999999
1743449941646271290,8.32,9.0,2.1999999999999997
1743449942646449144,12.48,13.5,3.3
1743449943646351018,16.64,18.0,4.3999999999999995
1743449944645855051,20.8,22.5,5.499999999999999
1743449945646095863,24.96,27.0,6.599999999999999
1743449946646154852,29.12,31.5,7.699999999999998
1743449947646270556,33.28,36.0,8.799999999999999
1743449948646122322,37.44,40.5,9.899999999999999
1743449949646506743,41.599999999999994,45.0,10.999999999999998
1743449950646379576,45.75999999999999,49.5,12.099999999999998
1743449951646258190,49.91999999999999,54.0,13.199999999999998
1743449952646034541,54.079999999999984,58.5,14.299999999999997
1743449953647359287,58.23999999999998,63.0,15.399999999999997
1743449954646251398,62.39999999999998,67.5,16.499999999999996
1743449955646124228,66.55999999999997,72.0,17.599999999999998
1743449956646102870,4.16,4.5,1.0999999999999999
1743449957646138583,8.32,9.0,2.1999999999999997
1743449958646127361,12.48,13.5,3.3
1743449959646341086,16.64,18.0,4.3999999999999995
1743449960646457313,20.8,22.5,5.499999999999999
1743449961646035419,24.96,27.0,6.599999999999999
1743449962645845110,29.12,31.5,7.699999999999998
1743449963646060848,33.28,36.0,8.799999999999999
1743449964645135402,37.44,40.5,9.899999999999999
1743449965646084655,41.599999999999994,45.0,10.999999999999998
1743449966646152399,45.75999999999999,49.5,12.099999999999998
1743449967646372527,49.91999999999999,54.0,13.199999999999998
1743449968644976952,54.079999999999984,58.5,14.299999999999997
1743449969646103467,58.23999999999998,63.0,15.399999999999997
1743449970646384382,62.39999999999998,67.5,16.499999999999996
1743449971646043072,66.55999999999997,72.0,17.599999999999998
1743449972646044330,70.71999999999997,76.5,18.7
1743449973646195602,74.87999999999997,81.0,19.8
1743449974646216124,79.03999999999996,85.5,20.900000000000002
1743449975646107015,83.19999999999996,90.0,22.000000000000004
1743449976646347371,87.35999999999996,94.5,23.100000000000005
1743449977646000708,91.51999999999995,99.0,24.200000000000006
1743449978646084870,95.67999999999995,103.5,25.300000000000008
1743449979645972136,99.83999999999995,108.0,26.40000000000001
1743449980645982136,103.99999999999994,112.5,27.50000000000001
1743449981646175675,108.15999999999994,117.0,28.600000000000012
1743449982646070314,112.31999999999994,121.5,29.700000000000014
1743449983646234972,116.47999999999993,126.0,30.800000000000015
1743449984646214958,120.63999999999993,130.5,31.900000000000016
1743449985646210168,124.79999999999993,135.0,33.000000000000014
1743449986646219063,128.95999999999992,139.5,34.100000000000016
1743449987646316909,133.11999999999992,144.0,35.20000000000002
1743449988646094258,137.27999999999992,148.5,36.30000000000002
1743449989645954774,141.4399999999999,153.0,37.40000000000002
1743449990646215498,145.5999999999999,157.5,38.50000000000002
1743449991646106114,4.16,4.5,1.0999999999999999
1743449992646097171,8.32,9.0,2.1999999999999997
1743449993646061273,12.48,13.5,3.3
1743449994646345411,16.64,18.0,4.3999999999999995
1743449995645637075,20.8,22.5,5.499999999999999
1743449996646389515,24.96,27.0,6.599999999999999
1743449997644969647,29.12,31.5,7.699999999999998
1743449998645944948,33.28,36.0,8.799999999999999
1743449999645918131,37.44,40.5,9.899999999999999
1743450000646118110,41.599999999999994,45.0,10.999999999999998
1743450001645000640,45.75999999999999,49.5,12.099999999999998
1743450002646011453,49.91999999999999,54.0,13.199999999999998
1743450003645796055,54.079999999999984,58.5,14.299999999999997
1743450004645859234,58.23999999999998,63.0,15.399999999999997
1743450005645905261,62.39999999999998,67.5,16.499999999999996
1743450006645976331,66.55999999999997,72.0,17.599999999999998
1743450007646087568,4.16,4.5,1.0999999999999999
1743450008646046613,8.32,9.0,2.1999999999999997
1743450009646074314,12.48,13.5,3.3
1743450010646195646,16.64,18.0,4.3999999999999995
1743450011645858698,20.8,22.5,5.499999999999999
1743450012645961053,24.96,27.0,6.599999999999999
1743450013645883108,29.12,31.5,7.699999999999998
1743450014645711063,33.28,36.0,8.799999999999999
1743450015645795838,37.44,40.5,9.899999999999999
1743450016646105522,41.599999999999994,45.0,10.999999999999998
1743450017646134383,45.75999999999999,49.5,12.099999999999998
1743450018645929568,49.91999999999999,54.0,13.199999999999998
1743450019645871078,54.079999999999984,58.5,14.299999999999997
1743450020646049252,58.23999999999998,63.0,15.399999999999997
1743450021645991538,62.39999999999998,67.5,16.499999999999996
1743450022645971933,66.55999999999997,72.0,17.599999999999998
1743450023646042445,70.71999999999997,76.5,18.7
1743450024644988970,74.87999999999997,81.0,19.8
1743450025645623440,79.03999999999996,85.5,20.900000000000002
1743450026645682843,83.19999999999996,90.0,22.000000000000004
1743450027646047363,87.35999999999996,94.5,23.100000000000005
1743450028644802742,91.51999999999995,99.0,24.200000000000006
1743450029645867509,95.67999999999995,103.5,25.300000000000008
1743450030645578882,99.83999999999995,108.0,26.40000000000001
1743450031645533452,103.99999999999994,112.5,27.50000000000001
1743450032646033294,108.15999999999994,117.0,28.600000000000012
1743450033645597542,112.31999999999994,121.5,29.700000000000014
1743450034645869648,116.47999999999993,126.0,30.800000000000015
1743450035645796898,120.63999999999993,130.5,31.900000000000016
1743450036645752880,124.79999999999993,135.0,33.000000000000014
1743450037644767243,128.95999999999992,139.5,34.100000000000016
1743450038645969442,133.11999999999992,144.0,35.20000000000002
1743450039645867854,137.27999999999992,148.5,36.30000000000002
1743450040645816789,141.4399999999999,153.0,37.40000000000002
1743450041645981172,145.5999999999999,157.5,38.50000000000002
1743450042645803349,4.16,4.5,1.0999999999999999
1743450043645851574,8.32,9.0,2.1999999999999997
1743450044645887760,12.48,13.5,3.3
1743450045646197493,16.64,18.0,4.3999999999999995
1743450046645479101,20.8,22.5,5.499999999999999
1743450047644681396,24.96,27.0,6.599999999999999
1743450048645831669,29.12,31.5,7.699999999999998
1743450049645903273,33.28,36.0,8.799999999999999
1743450050646044157,37.44,40.5,9.899999999999999
1743450051645894160,41.599999999999994,45.0,10.999999999999998
1743450052645885448,45.75999999999999,49.5,12.099999999999998
1743450053645793190,49.91999999999999,54.0,13.199999999999998
1743450054645394423,54.079999999999984,58.5,14.299999999999997
1743450055645691522,58.23999999999998,63.0,15.399999999999997
1743450056645769623,62.39999999999998,67.5,16.499999999999996
1743450057645891951,66.55999999999997,72.0,17.599999999999998
1743450058645924641,70.71999999999997,76.5,18.7
1743450059645970970,74.87999999999997,81.0,19.8
1743450060646088251,79.03999999999996,85.5,20.900000000000002
1743450061644989783,83.19999999999996,90.0,22.000000000000004
1743450062645682747,87.35999999999996,94.5,23.100000000000005
1743450063645255588,91.51999999999995,99.0,24.200000000000006
1743450064645806294,95.67999999999995,103.5,25.300000000000008
1743450065645558873,99.83999999999995,108.0,26.40000000000001
1743450066645762199,103.99999999999994,112.5,27.50000000000001
1743450067645735813,108.15999999999994,117.0,28.600000000000012
1743450068645895985,112.31999999999994,121.5,29.700000000000014
1743450069645851186,116.47999999999993,126.0,30.800000000000015
1743450070645918294,120.63999999999993,130.5,31.900000000000016
1743450071645861430,124.79999999999993,135.0,33.000000000000014
1743450072646236368,128.95999999999992,139.5,34.100000000000016
1743450073645733071,133.11999999999992,144.0,35.20000000000002
1743450074645522006,4.16,4.5,1.0999999999999999
1743450075645616817,8.32,9.0,2.1999999999999997
1743450076645855918,12.48,13.5,3.3
1743450077646398742,16.64,18.0,4.3999999999999995
1743450078645794185,20.8,22.5,5.499999999999999
1743450079645730868,24.96,27.0,6.599999999999999
1743450080645410213,29.12,31.5,7.699999999999998
1743450081645431973,33.28,36.0,8.799999999999999
1743450082645333659,37.44,40.5,9.899999999999999
1743450083645729499,41.599999999999994,45.0,10.999999999999998
1743450084645683988,45.75999999999999,49.5,12.099999999999998
1743450085645638426,49.91999999999999,54.0,13.199999999999998
1743450086645693831,54.079999999999984,58.5,14.299999999999997
1743450087645576936,58.23999999999998,63.0,15.399999999999997
1743450088645800195,62.39999999999998,67.5,16.499999999999996
1743450089644523784,66.55999999999997,72.0,17.599999999999998
1743450090645894211,4.16,4.5,1.0999999999999999
1743450091644890930,8.32,9.0,2.1999999999999997
1743450092644835180,12.48,13.5,3.3
1743450093645706966,16.64,18.0,4.3999999999999995
1743450094644845462,20.8,22.5,5.499999999999999
1743450095646177786,24.96,27.0,6.599999999999999
1743450096646008730,29.12,31.5,7.699999999999998
1743450097645519671,33.28,36.0,8.799999999999999
1743450098646339168,37.44,40.5,9.899999999999999
1743450099645910295,41.599999999999994,45.0,10.999999999999998
1743450100645705970,45.75999999999999,49.5,12.099999999999998
1743450101645673673,49.91999999999999,54.0,13.199999999999998
1743450102645506074,54.079999999999984,58.5,14.299999999999997
1743450103645567461,58.23999999999998,63.0,15.399999999999997
1743450104645729061,62.39999999999998,67.5,16.499999999999996
1743450105645520087,66.55999999999997,72.0,17.599999999999998
1743450106645634617,70.71999999999997,76.5,18.7
1743450107645781515,74.87999999999997,81.0,19.8
1743450108645653558,79.03999999999996,85.5,20.900000000000002
1743450109645729637,83.19999999999996,90.0,22.000000000000004
1743450110645778312,87.35999999999996,94.5,23.100000000000005
1743450111645751530,91.51999999999995,99.0,24.200000000000006
1743450112645727494,95.67999999999995,103.5,25.300000000000008
1743450113646418331,99.83999999999995,108.0,26.40000000000001
1743450114645785712,103.99999999999994,112.5,27.50000000000001
1743450115646135354,108.15999999999994,117.0,28.600000000000012
1743450116645882637,112.31999999999994,121.5,29.700000000000014
1743450117645358172,116.47999999999993,126.0,30.800000000000015
1743450118645428816,120.63999999999993,130.5,31.900000000000016
1743450119645703385,124.79999999999993,135.0,33.000000000000014
1743450120645808288,128.95999999999992,139.5,34.100000000000016
1743450121645929217,133.11999999999992,144.0,35.20000000000002
1743450122645723260,137.27999999999992,148.5,36.30000000000002
1743450123645702102,4.16,4.5,1.0999999999999999
1743450124645673055,8.32,9.0,2.1999999999999997
1743450125645421952,12.48,13.5,3.3
1743450126645593155,16.64,18.0,4.3999999999999995
1743450127645460302,20.8,22.5,5.499999999999999
1743450128646000648,24.96,27.0,6.599999999999999
1743450129644547881,29.12,31.5,7.699999999999998
1743450130645489501,33.28,36.0,8.799999999999999
1743450131644443723,37.44,40.5,9.899999999999999
1743450132645376153,41.599999999999994,45.0,10.999999999999998
1743450133645342332,45.75999999999999,49.5,12.099999999999998
1743450134645586889,49.91999999999999,54.0,13.199999999999998
1743450135645630393,54.079999999999984,58.5,14.299999999999997
1743450136645497040,58.23999999999998,63.0,15.399999999999997
1743450137645773946,62.39999999999998,67.5,16.499999999999996
1743450138645442728,66.55999999999997,72.0,17.599999999999998
1743450139644455955,4.16,4.5,1.0999999999999999
1743450140645493898,8.32,9.0,2.1999999999999997
1743450141645272202,12.48,13.5,3.3
1743450142645494455,16.64,18.0,4.3999999999999995
1743450143645645343,20.8,22.5,5.499999999999999
1743450144645593784,24.96,27.0,6.599999999999999
1743450145645481390,29.12,31.5,7.699999999999998
1743450146645611211,33.28,36.0,8.799999999999999
1743450147645787794,37.44,40.5,9.899999999999999
1743450148645466247,41.599999999999994,45.0,10.999999999999998
1743450149645266229,45.75999999999999,49.5,12.099999999999998
1743450150645373849,49.91999999999999,54.0,13.199999999999998
1743450151645387194,54.079999999999984,58.5,14.299999999999997
1743450152645361452,58.23999999999998,63.0,15.399999999999997
1743450153645486227,62.39999999999998,67.5,16.499999999999996
1743450154645229334,66.55999999999997,72.0,17.599999999999998
1743450155645444095,70.71999999999997,76.5,18.7
1743450156645561265,4.16,4.5,1.0999999999999999
1743450157645466478,8.32,9.0,2.1999999999999997
1743450158645199742,12.48,13.5,3.3
1743450159645264324,16.64,18.0,4.3999999999999995
1743450160645322339,20.8,22.5,5.499999999999999
1743450161645198376,24.96,27.0,6.599999999999999
1743450162644441105,29.12,31.5,7.699999999999998
1743450163645207430,33.28,36.0,8.799999999999999
1743450164645706496,37.44,40.5,9.899999999999999
1743450165645345981,41.599999999999994,45.0,10.999999999999998
1743450166645057874,45.75999999999999,49.5,12.099999999999998
1743450167645420055,49.91999999999999,54.0,13.199999999999998
1743450168645400308,54.079999999999984,58.5,14.299999999999997
1743450169645500131,58.23999999999998,63.0,15.399999999999997
1743450170644983228,62.39999999999998,67.5,16.499999999999996
1743450171645428572,66.55999999999997,72.0,17.599999999999998
1743450172645454203,70.71999999999997,76.5,18.7
1743450173645561381,74.87999999999997,81.0,19.8
1743450174645420910,79.03999999999996,85.5,20.900000000000002
1743450175645517768,83.19999999999996,90.0,22.000000000000004
1743450176645529507,87.35999999999996,94.5,23.100000000000005
1743450177645323969,91.51999999999995,99.0,24.200000000000006
1743450178645436655,95.67999999999995,103.5,25.300000000000008
1743450179645720508,99.83999999999995,108.0,26.40000000000001
1743450180645271874,103.99999999999994,112.5,27.50000000000001
1743450181645365135,108.15999999999994,117.0,28.600000000000012
1743450182645212573,112.31999999999994,121.5,29.700000000000014
1743450183645126061,116.47999999999993,126.0,30.800000000000015
1743450184645245213,120.63999999999993,130.5,31.900000000000016
1743450185645482592,124.79999999999993,135.0,33.000000000000014
1743450186645365749,128.95999999999992,139.5,34.100000000000016
1743450187645332643,133.11999999999992,144.0,35.20000000000002
1743450188645395761,4.16,4.5,1.0999999999999999
1743450189644118660,8.32,9.0,2.1999999999999997
1743450190645200646,12.48,13.5,3.3
1743450191644497580,16.64,18.0,4.3999999999999995
1743450192645456835,20.8,22.5,5.499999999999999
1743450193644540669,24.96,27.0,6.599999999999999
1743450194645125594,29.12,31.5,7.699999999999998
1743450195645316608,33.28,36.0,8.799999999999999
1743450196645523881,37.44,40.5,9.899999999999999
1743450197645313446,41.599999999999994,45.0,10.999999999999998
1743450198645239378,45.75999999999999,49.5,12.099999999999998
1743450199645344485,49.91999999999999,54.0,13.199999999999998
1743450200645200478,54.079999999999984,58.5,14.299999999999997
1743450201645411007,58.23999999999998,63.0,15.399999999999997
1743450202645214132,62.39999999999998,67.5,16.499999999999996
1743450203645247001,66.55999999999997,72.0,17.599999999999998
1743450204644977210,4.16,4.5,1.0999999999999999
1743450205645185769,8.32,9.0,2.1999999999999997
1743450206645087137,12.48,13.5,3.3
1743450207644461848,16.64,18.0,4.3999999999999995
1743450208645018780,20.8,22.5,5.499999999999999
1743450209645032476,24.96,27.0,6.599999999999999
1743450210645482643,29.12,31.5,7.699999999999998
1743450211643950079,33.28,36.0,8.799999999999999
1743450212645201092,37.44,40.5,9.899999999999999
1743450213645409954,41.599999999999994,45.0,10.999999999999998
1743450214645262777,45.75999999999999,49.5,12.099999999999998
1743450215645554268,49.91999999999999,54.0,13.199999999999998
1743450216645055903,54.079999999999984,58.5,14.299999999999997
1743450217645071909,58.23999999999998,63.0,15.399999999999997
1743450218645082320,62.39999999999998,67.5,16.499999999999996
1743450219644948000,66.55999999999997,72.0,17.599999999999998
1743450220645081675,70.71999999999997,76.5,18.7
1743450221645044439,74.87999999999997,81.0,19.8
1743450222644967490,79.03999999999996,85.5,20.900000000000002
1743450223645166994,83.19999999999996,90.0,22.000000000000004
1743450224644254346,87.35999999999996,94.5,23.100000000000005
1743450225645375616,91.51999999999995,99.0,24.200000000000006
1743450226645033613,95.67999999999995,103.5,25.300000000000008
1743450227645123151,99.83999999999995,108.0,26.40000000000001
1743450228645100342,103.99999999999994,112.5,27.50000000000001
1743450229645442895,108.15999999999994,117.0,28.600000000000012
1743450230645183240,112.31999999999994,121.5,29.700000000000014
1743450231645459093,116.47999999999993,126.0,30.800000000000015
1743450232645193805,120.63999999999993,130.5,31.900000000000016
1743450233645379466,124.79999999999993,135.0,33.000000000000014
1743450234645045375,128.95999999999992,139.5,34.100000000000016
1743450235644940489,133.11999999999992,144.0,35.20000000000002
1743450236644906116,137.27999999999992,148.5,36.30000000000002
1743450237644994945,4.16,4.5,1.0999999999999999
1743450238645074850,8.32,9.0,2.1999999999999997
1743450239645145562,12.48,13.5,3.3
1743450240644012086,16.64,18.0,4.3999999999999995
1743450241644948441,20.8,22.5,5.499999999999999
1743450242645047624,24.96,27.0,6.599999999999999
1743450243644858966,29.12,31.5,7.699999999999998
1743450244645199406,33.28,36.0,8.799999999999999
1743450245644975964,37.44,40.5,9.899999999999999
1743450246644852309,41.599999999999994,45.0,10.999999999999998
1743450247645017240,45.75999999999999,49.5,12.099999999999998
1743450248645195665,49.91999999999999,54.0,13.199999999999998
1743450249645105146,54.079999999999984,58.5,14.299999999999997
1743450250644878274,58.23999999999998,63.0,15.399999999999997
1743450251644899014,62.39999999999998,67.5,16.499999999999996
1743450252644766055,66.55999999999997,72.0,17.599999999999998
1743450253644749670,4.16,4.5,1.0999999999999999
1743450254644713683,8.32,9.0,2.1999999999999997
1743450255643936924,12.48,13.5,3.3
1743450256644937306,16.64,18.0,4.3999999999999995
1743450257644910082,20.8,22.5,5.499999999999999
1743450258644879436,24.96,27.0,6.599999999999999
1743450259644804432,29.12,31.5,7.699999999999998
1743450260644912150,33.28,36.0,8.799999999999999
1743450261645103692,37.44,40.5,9.899999999999999
1743450262645038780,41.599999999999994,45.0,10.999999999999998
1743450263645046617,45.75999999999999,49.5,12.099999999999998
1743450264644840260,49.91999999999999,54.0,13.199999999999998
1743450265645204135,54.079999999999984,58.5,14.299999999999997
1743450266644988285,58.23999999999998,63.0,15.399999999999997
1743450267644865369,62.39999999999998,67.5,16.499999999999996
1743450268644748129,66.55999999999997,72.0,17.599999999999998
1743450269645067434,70.71999999999997,76.5,18.7
1743450270644966780,74.87999999999997,81.0,19.8
1743450271643720982,79.03999999999996,85.5,20.900000000000002
1743450272644974308,83.19999999999996,90.0,22.000000000000004
1743450273645147909,87.35999999999996,94.5,23.100000000000005
1743450274644971286,91.51999999999995,99.0,24.200000000000006
1743450275644884769,95.67999999999995,103.5,25.300000000000008
1743450276644752174,99.83999999999995,108.0,26.40000000000001
1743450277644668116,103.99999999999994,112.5,27.50000000000001
1743450278644867441,108.15999999999994,117.0,28.600000000000012
1743450279644823137,112.31999999999994,121.5,29.700000000000014
1743450280644847052,116.47999999999993,126.0,30.800000000000015
1743450281644767110,120.63999999999993,130.5,31.900000000000016
1743450282644923689,124.79999999999993,135.0,33.000000000000014
1743450283644916978,128.95999999999992,139.5,34.100000000000016
1743450284644635167,133.11999999999992,144.0,35.20000000000002
1743450285644888690,137.27999999999992,148.5,36.30000000000002
1743450286645013682,141.4399999999999,153.0,37.40000000000002
1743450287644949499,4.16,4.5,1.0999999999999999
1743450288643639012,8.32,9.0,2.1999999999999997
1743450289644647283,12.48,13.5,3.3
1743450290644701566,16.64,18.0,4.3999999999999995
1743450291643602222,20.8,22.5,5.499999999999999
1743450292644757263,24.96,27.0,6.599999999999999
1743450293645026455,29.12,31.5,7.699999999999998
1743450294645091505,33.28,36.0,8.799999999999999
1743450295644808684,37.44,40.5,9.899999999999999
1743450296645105513,41.599999999999994,45.0,10.999999999999998
1743450297644770358,45.75999999999999,49.5,12.099999999999998
1743450298644826701,49.91999999999999,54.0,13.199999999999998
1743450299644818740,54.079999999999984,58.5,14.299999999999997
1743450300645164543,58.23999999999998,63.0,15.399999999999997
1743450301644569470,62.39999999999998,67.5,16.499999999999996
1743450302644760490,66.55999999999997,72.0,17.599999999999998
1743450303644727907,4.16,4.5,1.0999999999999999
1743450304644896412,8.32,9.0,2.1999999999999997
1743450305644803672,12.48,13.5,3.3
1743450306644750894,16.64,18.0,4.3999999999999995
1743450307645042653,20.8,22.5,5.499999999999999
1743450308644671631,24.96,27.0,6.599999999999999
1743450309644710396,29.12,31.5,7.699999999999998
1743450310644817866,33.28,36.0,8.799999999999999
1743450311644772548,37.44,40.5,9.899999999999999
1743450312644603708,41.599999999999994,45.0,10.999999999999998
1743450313644771611,45.75999999999999,49.5,12.099999999999998
1743450314644804583,49.91999999999999,54.0,13.199999999999998
1743450315644953001,54.079999999999984,58.5,14.299999999999997
1743450316643642966,58.23999999999998,63.0,15.399999999999997
1743450317644983203,62.39999999999998,67.5,16.499999999999996
1743450318644435002,66.55999999999997,72.0,17.599999999999998
1743450319644593000,70.71999999999997,76.5,18.7
1743450320644520545,4.16,4.5,1.0999999999999999
1743450321643708062,8.32,9.0,2.1999999999999997
1743450322644614942,12.48,13.5,3.3
1743450323644656062,16.64,18.0,4.3999999999999995
1743450324644933501,20.8,22.5,5.499999999999999
1743450325644930669,24.96,27.0,6.599999999999999
1743450326644719805,29.12,31.5,7.699999999999998
1743450327644818228,33.28,36.0,8.799999999999999
1743450328644597219,37.44,40.5,9.899999999999999
1743450329643714879,41.599999999999994,45.0,10.999999999999998
1743450330644854366,45.75999999999999,49.5,12.099999999999998
1743450331643524702,49.91999999999999,54.0,13.199999999999998
1743450332644775164,54.079999999999984,58.5,14.299999999999997
1743450333644733373,58.23999999999998,63.0,15.399999999999997
1743450334644824465,62.39999999999998,67.5,16.499999999999996
1743450335644547517,66.55999999999997,72.0,17.599999999999998
1743450336643524697,70.71999999999997,76.5,18.7
1743450337644111566,74.87999999999997,81.0,19.8
1743450338644759845,79.03999999999996,85.5,20.900000000000002
1743450339643761393,83.19999999999996,90.0,22.000000000000004
1743450340644786722,87.35999999999996,94.5,23.100000000000005
1743450341644737931,91.51999999999995,99.0,24.200000000000006
1743450342644675788,95.67999999999995,103.5,25.300000000000008
1743450343644719123,99.83999999999995,108.0,26.40000000000001
1743450344644650817,103.99999999999994,112.5,27.50000000000001
1743450345644657212,108.15999999999994,117.0,28.600000000000012
1743450346644609957,112.31999999999994,121.5,29.700000000000014
1743450347644763534,116.47999999999993,126.0,30.800000000000015
1743450348644807924,120.63999999999993,130.5,31.900000000000016
1743450349644623545,124.79999999999993,135.0,33.000000000000014
1743450350644923298,128.95999999999992,139.5,34.100000000000016
1743450351645090220,133.11999999999992,144.0,35.20000000000002
1743450352644398062,4.16,4.5,1.0999999999999999
1743450353644536862,8.32,9.0,2.1999999999999997
1743450354643910790,12.48,13.5,3.3
1743450355644608191,16.64,18.0,4.3999999999999995
1743450356643671571,20.8,22.5,5.499999999999999
1743450357644586940,24.96,27.0,6.599999999999999
1743450358644580157,29.12,31.5,7.699999999999998
1743450359644794910,33.28,36.0,8.799999999999999
1743450360644527089,37.44,40.5,9.899999999999999
1743450361644553345,41.599999999999994,45.0,10.999999999999998
1743450362644536025,45.75999999999999,49.5,12.099999999999998
1743450363644629055,49.91999999999999,54.0,13.199999999999998
1743450364644637836,54.079999999999984,58.5,14.299999999999997
1743450365644552282,58.23999999999998,63.0,15.399999999999997
1743450366644580137,62.39999999999998,67.5,16.499999999999996
1743450367644693053,66.55999999999997,72.0,17.599999999999998
1743450368644642402,4.16,4.5,1.0999999999999999
1743450369644455562,8.32,9.0,2.1999999999999997
1743450370644478382,12.48,13.5,3.3
1743450371644403840,16.64,18.0,4.3999999999999995
1743450372644251890,20.8,22.5,5.499999999999999
1743450373644381040,24.96,27.0,6.599999999999999
1743450374644427245,29.12,31.5,7.699999999999998
1743450375644518226,33.28,36.0,8.799999999999999
1743450376644371639,37.44,40.5,9.899999999999999
1743450377644675527,41.599999999999994,45.0,10.999999999999998
1743450378644674349,45.75999999999999,49.5,12.099999999999998
1743450379645107445,49.91999999999999,54.0,13.199999999999998
1743450380644585047,54.079999999999984,58.5,14.299999999999997
1743450381644501586,58.23999999999998,63.0,15.399999999999997
1743450382644664594,62.39999999999998,67.5,16.499999999999996
1743450383644464892,66.55999999999997,72.0,17.599999999999998
1743450384644645810,70.71999999999997,76.5,18.7
1743450385644454562,74.87999999999997,81.0,19.8
1743450386644513089,79.03999999999996,85.5,20.900000000000002
1743450387643433784,83.19999999999996,90.0,22.000000000000004
1743450388644484383,87.35999999999996,94.5,23.100000000000005
1743450389644314577,91.51999999999995,99.0,24.200000000000006
1743450390644593018,95.67999999999995,103.5,25.300000000000008
1743450391644850326,99.83999999999995,108.0,26.40000000000001
1743450392644583283,103.99999999999994,112.5,27.50000000000001
1743450393644690790,108.15999999999994,117.0,28.600000000000012
1743450394643515471,112.31999999999994,121.5,29.700000000000014
1743450395644363092,116.47999999999993,126.0,30.800000000000015
1743450396643299674,120.63999999999993,130.5,31.900000000000016
1743450397643491911,124.79999999999993,135.0,33.000000000000014
1743450398644509601,128.95999999999992,139.5,34.100000000000016
1743450399643462763,133.11999999999992,144.0,35.20000000000002
1743450400644455204,137.27999999999992,148.5,36.30000000000002
1743450401644541689,4.16,4.5,1.0999999999999999
1743450402644476315,8.32,9.0,2.1999999999999997
1743450403644348217,12.48,13.5,3.3
1743450404644471838,16.64,18.0,4.3999999999999995
1743450405644236109,20.8,22.5,5.499999999999999
1743450406644242161,24.96,27.0,6.599999999999999
1743450407644354530,29.12,31.5,7.699999999999998
1743450408644407533,33.28,36.0,8.799999999999999
1743450409644272672,37.44,40.5,9.899999999999999
1743450410644211525,41.599999999999994,45.0,10.999999999999998
1743450411644328118,45.75999999999999,49.5,12.099999999999998
1743450412643253154,49.91999999999999,54.0,13.199999999999998
1743450413644223808,54.079999999999984,58.5,14.299999999999997
1743450414644109135,58.23999999999998,63.0,15.399999999999997
1743450415644487343,62.39999999999998,67.5,16.499999999999996
1743450416644399907,66.55999999999997,72.0,17.599999999999998
1743450417644406327,4.16,4.5,1.0999999999999999
1743450418644458495,8.32,9.0,2.1999999999999997
1743450419644468101,12.48,13.5,3.3
1743450420643156170,16.64,18.0,4.3999999999999995
1743450421644160471,20.8,22.5,5.499999999999999
1743450422644250157,24.96,27.0,6.599999999999999
1743450423644105529,29.12,31.5,7.699999999999998
1743450424644229012,33.28,36.0,8.799999999999999
1743450425644416299,37.44,40.5,9.899999999999999
1743450426644421226,41.599999999999994,45.0,10.999999999999998
1743450427644492518,45.75999999999999,49.5,12.099999999999998
1743450428644552496,49.91999999999999,54.0,13.199999999999998
1743450429644432173,54.079999999999984,58.5,14.299999999999997
1743450430644091053,58.23999999999998,63.0,15.399999999999997
1743450431644512689,62.39999999999998,67.5,16.499999999999996
1743450432644697698,66.55999999999997,72.0,17.599999999999998
1743450433644340433,70.71999999999997,76.5,18.7
1743450434644440898,74.87999999999997,81.0,19.8
1743450435644622701,79.03999999999996,85.5,20.900000000000002
1743450436645336893,83.19999999999996,90.0,22.000000000000004
1743450437644093014,87.35999999999996,94.5,23.100000000000005
1743450438644023679,91.51999999999995,99.0,24.200000000000006
1743450439643162214,95.67999999999995,103.5,25.300000000000008
1743450440644234301,99.83999999999995,108.0,26.40000000000001
1743450441644673647,103.99999999999994,112.5,27.50000000000001
1743450442644332644,108.15999999999994,117.0,28.600000000000012
1743450443644200941,112.31999999999994,121.5,29.700000000000014
1743450444644257306,116.47999999999993,126.0,30.800000000000015
1743450445644378931,120.63999999999993,130.5,31.900000000000016
1743450446643984664,124.79999999999993,135.0,33.000000000000014
1743450447644379523,128.95999999999992,139.5,34.100000000000016
1743450448644038103,133.11999999999992,144.0,35.20000000000002
1743450449644184009,137.27999999999992,148.5,36.30000000000002
1743450450644345316,141.4399999999999,153.0,37.40000000000002
1743450451644106064,4.16,4.5,1.0999999999999999
1743450452644067491,8.32,9.0,2.1999999999999997
1743450453643615524,12.48,13.5,3.3
1743450454643109447,16.64,18.0,4.3999999999999995
1743450455644031632,20.8,22.5,5.499999999999999
1743450456644174459,24.96,27.0,6.599999999999999
1743450457643978267,29.12,31.5,7.699999999999998
1743450458643937337,33.28,36.0,8.799999999999999
1743450459644105649,37.44,40.5,9.899999999999999
1743450460644210279,41.599999999999994,45.0,10.999999999999998
1743450461644239613,45.75999999999999,49.5,12.099999999999998
1743450462644028152,49.91999999999999,54.0,13.199999999999998
1743450463644108965,54.079999999999984,58.5,14.299999999999997
1743450464644127928,58.23999999999998,63.0,15.399999999999997
1743450465644316237,62.39999999999998,67.5,16.499999999999996
1743450466644373207,66.55999999999997,72.0,17.599999999999998
1743450467644100986,4.16,4.5,1.0999999999999999
1743450468644146592,8.32,9.0,2.1999999999999997
1743450469644253628,12.48,13.5,3.3
1743450470644274763,16.64,18.0,4.3999999999999995
1743450471644240454,20.8,22.5,5.499999999999999
1743450472644107772,24.96,27.0,6.599999999999999
1743450473644019626,29.12,31.5,7.699999999999998
1743450474644383749,33.28,36.0,8.799999999999999
1743450475644536591,37.44,40.5,9.899999999999999
1743450476644203247,41.599999999999994,45.0,10.999999999999998
1743450477644231167,45.75999999999999,49.5,12.099999999999998
1743450478644056489,49.91999999999999,54.0,13.199999999999998
1743450479644065152,54.079999999999984,58.5,14.299999999999997
1743450480642964071,58.23999999999998,63.0,15.399999999999997
1743450481642895041,62.39999999999998,67.5,16.499999999999996
1743450482643779811,66.55999999999997,72.0,17.599999999999998
1743450483643691945,70.71999999999997,76.5,18.7
1743450484643144415,74.87999999999997,81.0,19.8
1743450485644123915,79.03999999999996,85.5,20.900000000000002
1743450486642957780,83.19999999999996,90.0,22.000000000000004
1743450487643959421,87.35999999999996,94.5,23.100000000000005
1743450488644001052,91.51999999999995,99.0,24.200000000000006
1743450489643961484,95.67999999999995,103.5,25.300000000000008
1743450490643857602,99.83999999999995,108.0,26.40000000000001
1743450491644269821,103.99999999999994,112.5,27.50000000000001
1743450492643900468,108.15999999999994,117.0,28.600000000000012
1743450493643860517,112.31999999999994,121.5,29.700000000000014
1743450494643991125,116.47999999999993,126.0,30.800000000000015
1743450495644068510,120.63999999999993,130.5,31.900000000000016
1743450496643967324,124.79999999999993,135.0,33.000000000000014
1743450497643907528,128.95999999999992,139.5,34.100000000000016
1743450498644225238,133.11999999999992,144.0,35.20000000000002
1743450499644019736,137.27999999999992,148.5,36.30000000000002
1743450500644199188,141.4399999999999,153.0,37.40000000000002
1743450501644072941,4.16,4.5,1.0999999999999999
1743450502643800907,8.32,9.0,2.1999999999999997
1743450503644020513,12.48,13.5,3.3
1743450504643982569,16.64,18.0,4.3999999999999995
1743450505643660363,20.8,22.5,5.499999999999999
1743450506643910285,24.96,27.0,6.599999999999999
1743450507643832513,29.12,31.5,7.699999999999998
1743450508643867901,33.28,36.0,8.799999999999999
1743450509643985256,37.44,40.5,9.899999999999999
1743450510643718224,41.599999999999994,45.0,10.999999999999998
1743450511643889988,45.75999999999999,49.5,12.099999999999998
1743450512643833643,49.91999999999999,54.0,13.199999999999998
1743450513643914594,54.079999999999984,58.5,14.299999999999997
1743450514643960243,58.23999999999998,63.0,15.399999999999997
1743450515643646406,62.39999999999998,67.5,16.499999999999996
1743450516643729023,66.55999999999997,72.0,17.599999999999998
1743450517642693753,4.16,4.5,1.0999999999999999
1743450518655606009,8.32,9.0,2.1999999999999997
1743450519642829855,12.48,13.5,3.3
1743450520644521222,16.64,18.0,4.3999999999999995
1743450521644067858,20.8,22.5,5.499999999999999
1743450522643700536,24.96,27.0,6.599999999999999
1743450523643791137,29.12,31.5,7.699999999999998
1743450524643739122,33.28,36.0,8.799999999999999
1743450525643712993,37.44,40.5,9.899999999999999
1743450526643727764,41.599999999999994,45.0,10.999999999999998
1743450527643608706,45.75999999999999,49.5,12.099999999999998
1743450528644034936,49.91999999999999,54.0,13.199999999999998
1743450529643761816,54.079999999999984,58.5,14.299999999999997
1743450530643840445,58.23999999999998,63.0,15.399999999999997
1743450531644214323,62.39999999999998,67.5,16.499999999999996
1743450532643550034,66.55999999999997,72.0,17.599999999999998
1743450533643863367,70.71999999999997,76.5,18.7
1743450534643883247,74.87999999999997,81.0,19.8
1743450535643797414,79.03999999999996,85.5,20.900000000000002
1743450536643870075,83.19999999999996,90.0,22.000000000000004
1743450537643812441,87.35999999999996,94.5,23.100000000000005
1743450538644045355,91.51999999999995,99.0,24.200000000000006
1743450539643612039,95.67999999999995,103.5,25.300000000000008
1743450540643877572,99.83999999999995,108.0,26.40000000000001
1743450541643571961,103.99999999999994,112.5,27.50000000000001
1743450542643957221,108.15999999999994,117.0,28.600000000000012
1743450543643994928,112.31999999999994,121.5,29.700000000000014
1743450544643888512,116.47999999999993,126.0,30.800000000000015
1743450545644057104,120.63999999999993,130.5,31.900000000000016
1743450546643927943,124.79999999999993,135.0,33.000000000000014
1743450547642956489,128.95999999999992,139.5,34.100000000000016
1743450548642835162,133.11999999999992,144.0,35.20000000000002
1743450549643982005,137.27999999999992,148.5,36.30000000000002
1743450550642695305,141.4399999999999,153.0,37.40000000000002
1743450551643951789,4.16,4.5,1.0999999999999999
1743450552644050940,8.32,9.0,2.1999999999999997
1743450553644349325,12.48,13.5,3.3
1743450554644400179,16.64,18.0,4.3999999999999995
1743450555643639712,20.8,22.5,5.499999999999999
1743450556643252816,24.96,27.0,6.599999999999999
1743450557643996431,29.12,31.5,7.699999999999998
1743450558643759171,33.28,36.0,8.799999999999999
1743450559643612746,37.44,40.5,9.899999999999999
1743450560643069825,41.599999999999994,45.0,10.999999999999998
1743450561643603805,45.75999999999999,49.5,12.099999999999998
1743450562643560474,49.91999999999999,54.0,13.199999999999998
1743450563643883514,54.079999999999984,58.5,14.299999999999997
1743450564643763350,58.23999999999998,63.0,15.399999999999997
1743450565642828844,62.39999999999998,67.5,16.499999999999996
1743450566643929508,66.55999999999997,72.0,17.599999999999998
1743450567643819344,4.16,4.5,1.0999999999999999
1743450568643845302,8.32,9.0,2.1999999999999997
1743450569643649146,12.48,13.5,3.3
1743450570643865620,16.64,18.0,4.3999999999999995
1743450571644022321,20.8,22.5,5.499999999999999
1743450572643515114,24.96,27.0,6.599999999999999
1743450573643655297,29.12,31.5,7.699999999999998
1743450574643739873,33.28,36.0,8.799999999999999
1743450575643790721,37.44,40.5,9.899999999999999
1743450576643388166,41.599999999999994,45.0,10.999999999999998
1743450577642487681,45.75999999999999,49.5,12.099999999999998
1743450578643721865,49.91999999999999,54.0,13.199999999999998
1743450579643804481,54.079999999999984,58.5,14.299999999999997
1743450580643947170,58.23999999999998,63.0,15.399999999999997
1743450581642561346,62.39999999999998,67.5,16.499999999999996
